"","BarCode","FDT","FDS","LA","RA","SD","LDA","Mass","RTW"
"1",107012,1.505534873,1.44496752225,50.5646131525,55.223620945,77,-0.69094915125,26.5,106
"2",107013,1.519033827,1.4439620615,47.94683272,54.9831065275,82.5,-0.82232388975,32.5,130
"3",107021,1.508158563,1.43867955625,51.5697747075,53.6893402975,92.25,-0.46085703325,62.25,249
"4",107022,1.552435656,1.4658833835,50.3083866875,54.7494114175,110,-0.348228068,42,168
"5",107023,1.471006177,1.48844563375,34.6747933475,53.06844144,103.75,-1.6725792755,52.5,210
"6",107031,1.459585649,1.433356572,57.606533865,60.257499755,86,-0.80708665275,29,116
"7",107032,1.480806154,1.4223722095,59.184032785,54.9421326725,161.5,-0.697070584,45.25,181
"8",107033,1.502276098,1.41768060575,59.365947725,65.2518803425,93.75,-0.297456689,67.25,269
"9",107041,1.504924691,1.4833934765,51.964341915,58.1416160875,89.75,-0.82934500425,38,152
"10",107042,1.52472525,1.477214779,53.6966248025,49.0649527975,103.75,-0.22629609175,53.75,215
"11",107043,1.468317464,1.41436006275,48.74346827,50.819416085,98.5,-1.2501689615,53.25,213
"12",107051,1.471523526,1.44251865525,47.420639675,48.196960405,87,-0.1330543085,40,160
"13",107052,1.488094873,1.44254930725,53.60507706,54.5560299075,96.75,-0.730892821,46.5,186
"14",107053,1.452494566,1.42230299125,54.262987545,57.214624925,83.5,-0.68501126225,28.75,115
"15",107061,1.462579007,1.36149352325,58.338796805,61.7740186925,76,-0.1723277715,25.75,103
"16",107062,1.49393815,1.4107665535,64.285955135,64.4543034775,76.5,-0.540229308,25,100
"17",107063,1.475577686,1.450789677,58.0985032475,57.6189267075,97.5,-0.0869856835,42.5,170
"18",107071,1.472431355,1.44678419,53.828827545,50.908023575,93.25,-0.421925425,36.25,145
"19",107072,1.485284843,1.450984552,47.104290855,45.6999090725,114.25,0.0446185845,55.25,221
"20",107073,1.450118277,1.3875930165,62.884923925,63.40583348,88.25,-0.36779363825,42,168
"21",107081,1.456777958,1.5000172215,42.4145712,44.0055473075,107.75,-0.85833886825,57.5,230
"22",107082,1.567486709,1.495152136,45.0668427375,41.0174253525,108.75,0.20168177025,33.75,135
"23",107083,1.523614296,1.4766262965,40.4629116875,38.40056868,114,-1.45292390625,52.25,209
"24",107091,1.453192907,1.42259742325,52.3780701025,53.9368749725,105.75,-0.32541034775,87,348
"25",107092,1.45289984,1.4311970985,40.6334991625,38.36357003,166.75,-2.23573412875,85,340
"26",107093,1.478162626,1.4687145905,49.289278035,44.9881605825,107.25,0.28083080725,63.75,255
"27",107101,1.538635806,1.47720757375,54.2035232375,55.895089755,95.25,-0.214586136,67.75,271
"28",107102,1.446260913,1.4383562115,40.7730166225,46.0779513375,93.5,0.2627530225,50.25,201
"29",107103,1.460774368,1.451293228,49.672260905,54.5000516925,88,-0.623101975,32.75,131
"30",107111,1.507179266,1.42786091575,66.5406347225,61.7065717175,122.5,-0.610680057,33,132
"31",107112,1.498852471,1.453458837,55.6083549625,59.731185045,96.75,-0.65853089375,25,100
"32",107113,1.534421822,1.4686272495,50.4421139975,55.4153496875,112.75,-0.543268055,31.75,127
"33",107121,1.464867309,1.43114241625,53.129111805,56.3383090575,83,-0.0103562144999999,25.75,103
"34",107122,1.487483112,1.4699822705,44.6503901075,47.85769354,87.75,-0.398020091,27.75,111
"35",107123,1.4905783,1.42394178675,55.7720970375,61.032221175,108.5,-0.899191598,76.5,306
"36",107131,1.515245009,1.4701422535,51.6983370325,52.031703865,98.25,-0.4932537565,42.25,169
"37",107132,1.502660209,1.432666555,60.7192140075,55.12899785,107.75,-0.62473876425,42.75,171
"38",107133,1.501870616,1.4753632455,48.23137874,52.2208673275,138,-0.59223804425,49,196
"39",107141,1.427565949,1.45377212175,56.0978135975,53.1372934975,111.75,-0.61894880475,64.75,259
"40",107142,1.48925962,1.4347334255,50.6174991375,53.0372287125,98.75,-0.65643397975,41.75,167
"41",107143,1.455025562,1.42291178575,51.4484259625,52.9821745775,93.75,-0.0789574072499999,43,172
"42",107151,1.489174475,1.41844283075,56.40708445,56.98937004,159.25,-0.28595586775,46.5,186
"43",107152,1.429304146,1.41845139075,52.7528001025,55.1079421175,96,-0.3575721455,33.25,133
"44",107153,1.497291388,1.46750159625,46.1268629525,49.8210603225,136,-0.027885197,45.75,183
"45",108011,1.516972751,1.4643352845,55.108679945,53.9089613525,88,-0.576989623,23.5,94
"46",108012,1.489007677,1.4616926525,64.256427985,70.2872199925,89.75,-0.584704736,19,76
"47",108013,1.483041741,1.42782362225,63.7747971775,62.1689566,75.75,-0.325693372,21.25,85
"48",108021,1.540188835,1.4858385585,67.505729925,72.8410780825,84,-0.70303608375,26.25,105
"49",108022,1.452993585,1.46181718975,64.07904424,63.958669675,82.5,-0.882231498,15.25,61
"50",108023,1.506923197,1.4763704695,71.44004684,70.9474584325,75.25,-0.5284827305,18.5,74
"51",108031,1.580657504,1.5149013105,43.7242881725,42.9624555025,119,-0.4506556415,44.5,178
"52",108032,1.594528275,1.541538397,45.039612425,46.090593965,153.5,-1.1411684125,58.75,235
"53",108033,1.517247771,1.49233699075,48.05971737,34.6853478425,122.5,1.332017448,46,184
"54",108041,1.471140537,1.41999809075,56.7853749675,57.81210428,108.75,-0.2925164295,46.75,187
"55",108042,1.456822865,1.4277352625,63.58737035,69.812050935,94.75,-0.30504567525,21,84
"56",108043,1.412394585,1.44302049475,44.488838165,54.5154410325,101,-0.3567659545,25,100
"57",108051,1.432610785,1.421230966,65.0895121425,68.82217591,85,-0.50269348275,27.75,111
"58",108052,1.46177041,1.41613788675,61.0674245875,63.9004306675,78.5,-0.6542495335,27.25,109
"59",108053,1.48117137,1.4478270875,58.7205131725,65.2449591575,97.5,-1.1207247195,30.5,122
"60",108061,1.516607454,1.457056566,61.68252756,58.9728040575,82.75,-0.35521628175,29.5,118
"61",108062,1.496029706,1.437710063,60.4192493725,62.667706315,79.75,-0.174497635,24.5,98
"62",108063,1.519123173,1.4707141075,45.855726955,48.6936692,82.5,-0.2485995885,20,80
"63",108071,1.476604415,1.436238168,59.33193046,55.54130275,91,-0.32929618625,17,68
"64",108072,1.484180195,1.464545823,49.6306026975,55.803062675,116.75,-0.848305667,23.75,95
"65",108073,0.30370774,0.109090909,0,0,0,0,30.5,122
"66",108081,1.504730196,1.4643574,71.7259222375,71.145510235,87.5,-0.35448332925,32,128
"67",108082,1.507028716,1.47610575775,65.875288195,66.9962987725,81.25,-0.33555408125,23.75,95
"68",108083,1.473089584,1.4316580115,61.49207971,59.54157055,108.75,-0.632234917,23.25,93
"69",108091,1.447187697,1.4319263995,53.794016545,51.0978652175,79,-0.40818005875,19.75,79
"70",108092,1.447507111,1.4335842515,56.1946497325,51.37014201,84.75,-0.51478874475,22.75,91
"71",108093,1.494528958,1.4687515485,60.8265649925,60.19289559,83.5,-0.44049286,30.25,121
"72",108101,1.48152956,1.509282757,58.9809293125,56.15117237,112.25,-0.455532304,44,176
"73",108102,1.491047099,1.48767740775,46.5909565125,50.52804946,118.75,-0.9772721,37.5,150
"74",108103,1.498007964,1.4427750495,63.1646442175,60.1235453325,101.5,-0.41826680575,33,132
"75",108111,1.454696814,1.43436432375,59.7260368325,57.92057829,69.5,-0.4595901775,14.75,59
"76",108112,1.453519202,1.4144381315,65.997727705,68.379117235,118.25,-0.58741789875,22.75,91
"77",108113,1.48031673,1.4230924285,58.4556450275,58.098592145,74,-0.421116659,15.75,63
"78",108121,1.515816748,1.4772549535,46.8694862225,43.51592369,75,-0.446056853,19.5,78
"79",108122,1.530635545,1.4748526015,53.1147044825,55.8218450525,74.75,-0.608663271,21,84
"80",108123,1.486932375,1.4360844575,51.3077499775,54.894155265,66,-0.7905291845,13.25,53
"81",108131,1.522787534,1.44612993875,52.903263105,55.95129113,98.5,-0.30583740775,36.25,145
"82",108132,1.452251218,1.42949190875,60.6690316975,61.975390165,121.75,-1.05390505675,22.5,90
"83",108133,1.482009281,1.45587352,62.25792676,61.6901576025,96.5,-0.750432849,21.25,85
"84",108141,1.509867349,1.44187741775,47.458942445,48.086645765,94,-0.624357546,31.75,127
"85",108142,1.440851639,1.418973698,53.12849494,55.50860826,124,-0.45148152125,27.25,109
"86",108143,1.480531449,1.45506872675,52.3164304275,52.265903915,102.25,-0.39524500025,26.25,105
"87",108151,1.510064446,1.45736427425,55.7129087675,54.7665849125,91.25,-0.628962931,22.25,89
"88",108152,1.476611927,1.4270010425,63.121101735,65.256153915,95.25,-0.3199196045,25.75,103
"89",108153,1.550825452,1.47918778525,60.6475849,56.5477565475,89.75,-0.6167924365,34.75,139
"90",109011,1.509729878,1.47150934725,63.3289102725,59.66711481,77.75,-0.569041469,22,88
"91",109012,1.518634138,1.44071922175,53.225875115,53.5264004475,76.75,-0.73036657025,22,88
"92",109013,1.52858462,1.473648209,54.742341,61.7995574775,74,-0.53813197075,23.25,93
"93",109021,1.465600939,1.38863235425,63.67636106,64.2431359075,84.25,-0.35917419625,26.5,106
"94",109022,1.479295251,1.427067222,63.8761385275,64.91299819,89,-0.44939962425,23.75,95
"95",109023,1.474692954,1.407472713,61.999253405,56.2243322975,102.75,0.12161970675,28.5,114
"96",109031,1.486026714,1.43249982975,69.773967825,66.96865365,77.75,-0.482097789,16.75,67
"97",109032,1.525883198,1.45931646275,66.45278611,64.450795205,86.25,0.00695794599999988,28.75,115
"98",109033,1.520839242,1.41388926275,66.520205945,66.7281842125,80,-0.27997739175,24.5,98
"99",109041,1.556974613,1.481082076,58.6536380325,60.349199565,86.75,-1.01318693175,36,144
"100",109042,1.524423324,1.428380765,57.5168311825,57.9274651675,96.25,-0.26643216475,43,172
"101",109043,1.501866589,1.4339218105,60.0270160575,56.1130566,86,-0.23346401475,24.25,97
"102",109051,1.447193992,1.420639241,62.7989077275,62.0561794325,92.25,-0.36122018325,22.75,91
"103",109052,1.511414949,1.4206199175,59.5206344725,56.3910331575,89.75,-0.439879599,23,92
"104",109053,1.463879352,1.4346793255,57.5329271375,58.18552991,108.25,-0.4009380545,24.5,98
"105",109061,0.735735442,0.109090909,0,0,0,0,27.5,110
"106",109062,1.480696757,1.46584084125,57.0566095075,60.57708316,87.25,-0.2880454505,21.5,86
"107",109063,1.513292472,1.435510127,52.48460279,54.2565426975,99.5,-0.556315458,36,144
"108",109071,1.517213792,1.42689557625,65.27277972,63.825628745,93.5,0.17698028675,49.25,197
"109",109072,1.476792494,1.39529804325,59.59064247,57.59504771,95,-0.2238635375,50,200
"110",109073,1.499322756,1.45814915775,51.5536992875,56.5649481875,143.5,-0.23735334675,31.25,125
"111",109081,1.497894031,1.403645581,63.84595458,57.2327493175,76.25,-0.55633589825,25.75,103
"112",109082,1.492973702,1.46390683025,57.6216203925,61.2470590575,84,-0.224733755,36.5,146
"113",109083,1.500873797,1.442652689,61.3362542225,57.8929895825,87.25,-0.4680108655,37.25,149
"114",109091,1.494254422,1.47447273475,50.01126709,47.8299525175,83.75,-0.36166156675,28.75,115
"115",109092,1.444317037,1.3964926795,61.608766505,62.134442245,81.75,-0.729687103,23,92
"116",109093,1.462513878,1.4250677715,55.6165277875,60.6693518975,89,-1.00104816075,30.5,122
"117",109101,1.538974356,1.4947340145,53.174191085,53.2982266425,90.5,-0.2011070905,48.75,195
"118",109102,1.523870745,1.498280376,50.4749940025,48.166629655,96.25,-0.38879663575,46.25,185
"119",109103,1.51332531,1.4749071695,41.5705784725,44.9369784025,100.75,-1.0175556045,48.5,194
"120",109111,1.438593705,1.40586789425,70.686988645,70.9169372,71.25,-0.700889463,19.25,77
"121",109112,1.456792055,1.4272464135,60.1640288675,63.376654975,69.75,-0.476729924,16.25,65
"122",109113,1.515748313,1.45280662475,70.546880555,69.2395866075,72.5,-0.4467971945,21.75,87
"123",109121,1.447597974,1.45459368525,52.3187618625,51.9044176225,82.5,-0.23006040275,28.25,113
"124",109122,1.476560316,1.432294626,58.99417077,62.1895250625,125.25,-0.562753299,24,96
"125",109123,1.435944392,1.44118815725,49.90677377,50.2196988125,87,-0.83073374375,39.75,159
"126",109131,1.470932828,1.46553591925,57.0000437475,48.665966435,99.5,-0.0428780632499999,40.5,162
"127",109132,1.542235956,1.4580601075,63.56786516,65.64444487,102.5,-0.40351604225,40.5,162
"128",109133,1.46749019,1.38628001075,67.4564337725,63.90872465,85.75,-0.546047241,27,108
"129",109141,1.48671707,1.40573587475,61.8086378825,62.5573526925,86,-0.3145344205,37.5,150
"130",109142,1.53756615,1.45941660525,67.488386825,64.364857025,79.5,-0.74375479925,29.25,117
"131",109143,1.498060993,1.45047340775,54.7798838625,59.86377876,81,-0.20948069375,33,132
"132",109151,1.457627729,1.431138571,54.6017654075,52.99959284,91.25,-0.27298424625,36.5,146
"133",109152,1.389899726,1.37658812025,65.8896250225,61.8741552125,86,-0.74042632375,30.25,121
"134",109153,1.440505115,1.44876973725,57.276211345,61.3174970475,98,-0.52726817925,41.25,165
"135",116011,1.482819422,1.482349566,46.8522956925,46.885564595,102.5,-0.26454309575,69.25,277
"136",116012,1.590011824,1.34765246425,59.36166179,63.0556603875,99.25,-0.79785486025,67.25,269
"137",116013,1.580823904,1.455795313,50.564838495,55.19243322,90,-0.55585842825,31.25,125
"138",116021,1.569683389,1.4815771425,43.4453240925,43.61962963,102.5,-0.35900931025,52.25,209
"139",116022,1.571124204,1.503115819,43.1790894425,38.866077865,103.75,0.07088399425,45.25,181
"140",116023,1.421897246,1.44662721125,35.473219025,36.99260991,100.25,-0.742190413,59.75,239
"141",116031,1.515348025,1.43522997525,57.183655445,65.3166881,80.5,-0.3973917045,29.75,119
"142",116032,1.506069604,1.4298020595,65.4434584725,65.6257118925,81,-0.44983798025,26,104
"143",116033,1.518498334,1.47433332725,70.5616793225,72.139481945,73.5,-0.4654279415,20.5,82
"144",116041,1.590054015,1.479361511,47.9689335025,49.727596355,106.75,-0.03730620325,58.25,233
"145",116042,1.515921372,1.45475883825,60.8401984875,62.2719032175,105,-0.55882914325,35.25,141
"146",116043,1.556944,1.49951642075,56.6059658575,54.3926112275,103,-0.87829358325,41.75,167
"147",116051,1.479063099,1.44209580125,56.7831634775,58.8888213175,107.25,-0.17990751725,35.75,143
"148",116052,1.402056259,1.4313057575,49.68515439,54.8744767975,184.5,-1.43698711825,56.5,226
"149",116053,1.532415349,1.45511670925,53.880382265,54.6519423925,99.75,-0.34236747,40.5,162
"150",116061,1.498149209,1.41311349875,60.0588818175,59.2963800875,89,-0.36939848525,43,172
"151",116062,1.523000976,1.4034391855,54.01084015,59.289178425,101.75,-0.5865874435,30.75,123
"152",116063,1.559212258,1.4041033545,63.115525485,59.66503549,116.5,-0.4191344805,48.75,195
"153",116071,1.525912284,1.382854553,62.8398598325,64.45610878,112.25,-0.6387015745,63.25,253
"154",116072,1.481096438,1.37098742925,67.1306572525,64.3272119325,95.25,-0.270749266,48.75,195
"155",116073,1.559195307,1.4304053245,49.2852274225,58.092269905,103.5,-1.1102079245,48.25,193
"156",116081,1.480546732,1.37530618625,62.6403234275,64.57829999,107.25,-0.9671096035,64.5,258
"157",116082,1.478417726,1.4398255945,62.31806873,61.2734684575,103,-0.7391958675,44.75,179
"158",116083,1.482834995,1.42202945975,57.730981305,56.52792629,99.75,-0.6952074735,51.75,207
"159",116091,1.510647395,1.4445892145,45.9506917875,46.5321225875,104.25,-0.39166192,44.75,179
"160",116092,1.65364897,1.32921227475,47.807635615,45.317933195,124.75,0.159673725,108,432
"161",116093,1.515068989,1.42720853525,54.46025151,56.5161585475,111.5,-0.46159119125,55,220
"162",116101,1.42782794,1.390126797,58.1813288975,61.5962300175,88.75,-0.5962769395,29.25,117
"163",116102,1.499547571,1.4283269745,55.2397671275,57.3550731425,96.5,-0.183045548,34.75,139
"164",116103,1.492506429,1.430113406,56.765980985,53.968562185,102.75,-0.36643072475,42,168
"165",116111,1.518215719,1.471986675,53.75006143,65.3810796175,116.75,-0.28433400625,35.75,143
"166",116112,1.505112958,1.4719128515,54.002820305,54.2376908,130.25,-0.0600897402500001,41.5,166
"167",116113,1.472251203,1.43960151425,65.213289165,64.934306365,82.25,-0.16157513375,33.25,133
"168",116121,1.428487756,1.40836810875,51.3286562675,53.8242431325,97.25,-0.22213973925,30.75,123
"169",116122,1.345016976,1.33538930775,62.392172535,60.75310766,90.5,-0.44748645775,25.75,103
"170",116123,1.490693191,1.40333607975,49.142083895,61.0285529475,96.5,-0.82030252825,38.5,154
"171",116131,1.516400246,1.41254086275,49.9841881325,47.755644295,133,-0.25409790075,85.25,341
"172",116132,1.439537649,1.4153277175,51.009092245,56.0498906625,96.75,-0.70515058075,40.25,161
"173",116133,1.497024323,1.373758283,58.6321222,60.5128177075,135.75,-0.45755567825,86.75,347
"174",116141,1.487869046,1.43014417775,60.9549953675,63.5086699575,86.5,-0.64243927625,33.5,134
"175",116142,1.498690237,1.41689126675,58.1365527275,57.4432353925,96,-0.5414976445,51.25,205
"176",116143,1.396888795,1.3440514215,62.011572555,65.6906034175,86.25,-0.49508774925,25.75,103
"177",116151,1.482366864,1.41720443125,61.23789202,61.44169756,98.75,-0.55906828225,42.5,170
"178",116152,1.444489797,1.3614553945,60.7225778,58.7041335525,108.75,-0.49673640525,72.25,289
"179",116153,1.417603815,1.435670239,53.82313577,58.25065039,128.5,-0.5344208735,74.75,299
"180",117011,1.479455863,1.38533994775,51.35498159,53.2566197575,103.75,-0.10545925025,74,296
"181",117012,1.478819371,1.353974523,50.952500905,51.9389370875,106,0.00761208899999999,94.25,377
"182",117013,1.557193572,1.436185192,47.985805185,52.1113804725,97.5,-0.388735237,37.25,149
"183",117021,1.567449779,1.48476145925,50.0461544825,44.386405975,117.25,-0.30634053125,69,276
"184",117022,1.566130856,1.42592055625,55.766216405,57.54602429,101.5,-0.6219284875,74,296
"185",117023,1.400898884,1.42262524125,53.4861433725,56.2907071575,120.25,-0.40590533325,67.25,269
"186",117031,1.51578861,1.481645986,36.404007715,41.379112495,98,-0.40668704675,33.25,133
"187",117032,1.481208287,1.455304766,53.634659095,53.6742251075,101,-0.52201583625,48,192
"188",117033,1.561935405,1.39854718125,43.31038716,47.7215052925,127.25,-0.92166338525,73,292
"189",117041,1.408208173,1.4235752695,56.02426419,53.19292801,103.75,-0.27208720575,64.75,259
"190",117042,1.507233047,1.4549358645,46.117489015,44.240103675,95,-0.40098121425,41.5,166
"191",117043,1.504686815,1.4150408035,52.8476045825,50.838499645,105.5,-0.79514562375,55.5,222
"192",117051,1.489702019,1.391452853,57.577154985,50.366461555,109.5,-0.1054102635,63.75,255
"193",117052,1.495694089,1.43121009975,52.491817855,57.4021352725,125.25,-0.85965072425,71,284
"194",117053,1.400718203,1.368470707,62.4923265325,61.6483861725,104.5,-0.85100382975,60,240
"195",117061,1.478653254,1.47037291275,51.324982795,52.583788775,105.75,-0.4186672505,48.25,193
"196",117062,1.422865747,1.411605457,55.5986049175,57.1245538825,121.5,-0.4549412305,47.25,189
"197",117063,1.453872312,1.43768465275,44.9048780625,54.091071085,109.5,-0.4358727165,53.5,214
"198",117071,1.483781187,1.4194787025,50.7348032225,50.6229996425,96.25,-0.19736242825,41.5,166
"199",117072,1.476501441,1.43574738675,51.50494842,55.8571231525,98.75,-0.8588844745,38,152
"200",117073,1.468166551,1.43358344525,58.6014550425,55.3441228525,96.25,0.0245261552499999,53.75,215
"201",117081,1.480304744,1.4302602875,48.12356545,46.6163936525,90.25,-0.40507704225,43.5,174
"202",117082,1.460825195,1.43958753275,51.8457548225,51.322764695,101.75,-0.5738523535,79.5,318
"203",117083,1.467720964,1.4267842375,50.827573505,52.038122245,92.75,-0.69539575625,50.75,203
"204",117091,1.463705883,1.41769985825,50.0214816825,56.5343891975,100,-0.46783804,34.5,138
"205",117092,1.446068183,1.4413484845,51.6280187,50.86489878,93,-0.64608403375,32.75,131
"206",117093,1.501635011,1.43789390925,54.492630005,54.82108342,117,-0.587896236,45.5,182
"207",117101,1.453422105,1.362943612,57.9778562525,61.1049710275,140.75,-0.9142005725,59.25,237
"208",117102,1.37716957,1.411873086,56.8210909825,61.548116885,93.75,-0.75073776425,46,184
"209",117103,1.471193966,1.3934195795,60.7800514175,62.257954085,100,-0.6759423395,42.25,169
"210",117111,1.443747164,1.43947412325,53.29032361,51.783136805,112.25,-0.7203375835,42.25,169
"211",117112,1.473104969,1.4246930095,57.3508978375,53.7238675325,118.5,-0.55111166975,60.5,242
"212",117113,1.453866157,1.40336646925,45.0533426475,51.9582436675,111.75,-0.810519931,61.75,247
"213",117121,1.464137645,1.3773451785,62.8721573975,62.5374837425,116.25,-0.0890562905,68.5,274
"214",117122,1.521850309,1.456959429,48.009912995,47.048975635,97.5,-0.7112863455,51.75,207
"215",117123,1.502915018,1.410977055,60.8625081025,62.672448075,87.5,-0.43576774875,44,176
"216",117131,1.467622085,1.41816484625,57.80071689,54.5176404725,107.75,-0.60954281475,61,244
"217",117132,1.507826287,1.415217224,57.8301454125,61.7767975375,87,-0.51622367175,53.5,214
"218",117133,1.420142577,1.395244344,57.878042945,58.6389859375,105.5,-0.275781174,48.5,194
"219",117141,1.602962137,1.402139888,54.9718694175,56.85103923,106,-1.13465392075,92.5,370
"220",117142,1.42131065,1.40451970125,61.216253845,60.90123787,105.5,-0.8322614995,76.25,305
"221",117143,1.453509658,1.41105639525,47.2023989025,52.2472970775,101.75,-0.9130505355,53,212
"222",117151,1.434601074,1.424501031,66.5393892875,65.4948898575,114.5,-0.28913133425,32.75,131
"223",117152,1.521050953,1.439424001,50.623646425,60.0471986625,104.5,-0.10835307375,49.25,197
"224",117153,1.468112914,1.450621009,61.3062127425,62.732820225,82.25,-0.59648946325,30.5,122
"225",118011,1.489978517,1.457038176,63.3214422325,61.77041947,80.25,-0.53979684125,31.5,126
"226",118012,1.519199717,1.43279586575,69.15045889,71.4717106325,76,-0.474600052,28.25,113
"227",118013,1.527879046,1.45342951,49.8268189225,57.53085956,81.25,-0.625898367,26.25,105
"228",118021,1.499166368,1.46405273425,60.6951306825,52.9294582125,113.25,-0.3114068635,43.25,173
"229",118022,1.448870084,1.430159362,52.1703026575,51.49037795,127,-0.54718317525,80,320
"230",118023,1.338920811,1.3574543885,58.354023685,54.5649972575,114,-0.32211519075,68.5,274
"231",118031,1.588622943,1.41304186225,50.9182138525,52.2918643975,166,-0.70113692625,75.5,302
"232",118032,1.425138106,1.435999143,59.6912086975,56.2945891925,128.75,-0.208571026,76,304
"233",118033,1.463937481,1.435486861,54.7189181825,53.85550088,173.5,-0.17033561325,79.75,319
"234",118041,1.46999193,1.4316074295,57.855033055,57.190202265,94.5,-0.36537426375,48.5,194
"235",118042,1.504149759,1.45729398275,50.8411734075,44.707605825,90.75,-1.07197686475,37,148
"236",118043,1.45988566,1.43895630675,55.8995705275,56.09526372,84.5,-0.45025473325,31.5,126
"237",118051,1.480748661,1.4384111525,56.13654739,58.1653958575,116.75,-0.11403459975,68.25,273
"238",118052,1.479131436,1.44885035325,50.718117035,53.7670412,146,-0.25751292075,47.5,190
"239",118053,1.462529166,1.41458706125,54.0667834125,54.1178795875,114.25,-0.4729134685,51.5,206
"240",118061,1.487182179,1.44581230525,52.59032505,54.507278015,92.25,-0.54217196975,43.75,175
"241",118062,1.428473995,1.4055770245,48.68126289,47.1051671075,95.75,-0.8390632675,51.75,207
"242",118063,1.43997816,1.44370350875,55.69524199,56.4655825375,92,-0.180500783,51.5,206
"243",118071,1.517971412,1.47505182575,46.5334638225,51.0262067925,111.5,-0.45046107275,47.5,190
"244",118072,1.499119994,1.418775879,51.7580619775,53.33800468,136.25,-0.556115028,53.75,215
"245",118073,1.507487212,1.45712851125,59.9470165325,57.813900775,85.75,-0.37491517775,33.75,135
"246",118081,1.537133467,1.4287392265,58.6669819875,61.86913616,90,-0.447770153,46.5,186
"247",118091,1.523784751,1.42567435525,44.6536367075,43.220551975,118.75,-0.66017065375,49.25,197
"248",118092,1.450763896,1.43486558575,51.05779532,57.89280803,103.5,-0.4146862035,44.25,177
"249",118093,0.752370856,0.109090909,0,0,0,0,59,236
"250",118101,1.553646669,1.43629035375,44.1612821175,48.71098439,100.75,-0.23643667025,62.75,251
"251",118102,1.506009954,1.47940814625,41.973153315,41.9568940575,101.25,-0.57647305,49,196
"252",118103,1.577971466,1.3735861065,54.0862304225,56.7122965825,135.75,-0.6778862945,83.75,335
"253",118111,1.420178116,1.446697469,46.4432842325,48.9178650725,115.75,-0.3997241105,73.25,293
"254",118112,1.51716889,1.42440260175,49.3917821525,42.671187845,133.5,-0.43164018725,94,376
"255",118113,1.449935035,1.42472052675,44.9976993075,48.70675422,110.25,-1.0690205075,64.75,259
"256",118121,1.499376982,1.47342711575,34.9584224375,35.72223104,94.75,-0.634024931,34.75,139
"257",118122,1.451255076,1.48488302325,38.2487316525,29.9948710475,111,-0.3770926805,64,256
"258",118123,1.368761217,1.45104358125,36.8769507875,32.81664042,118,-0.43416763225,69.25,277
"259",118131,1.475147467,1.45264877375,46.49964339,51.5921951675,106,-0.75438684925,47.25,189
"260",118132,1.399470833,1.44397845875,46.0032295725,43.891488615,140.25,0.190612816,111.5,446
"261",118133,1.414563744,1.34086165375,49.3642219225,53.804225265,128,-0.766346147,119.75,479
"262",118141,1.505344904,1.44570613375,58.3712187075,55.4473964525,112.5,-0.2234514985,75.25,301
"263",118142,1.53392881,1.447129024,59.148629345,62.1873974425,98.5,-0.71376263675,59,236
"264",118143,1.570206413,1.3849257475,61.8729925775,61.8629647,158,-0.7148354295,73.25,293
"265",118151,1.436691756,1.40060373825,55.009480335,57.520644475,118.75,-0.516951623,58.5,234
"266",118152,1.398227896,1.40875273525,46.06066139,47.0125323,122.5,-0.5399130505,79.5,318
"267",118153,1.426488647,1.44159971575,35.3594995,42.3794321175,99,-0.49197512,36,144
"268",118952,1.412977108,1.43490427675,47.93418738,48.2134439225,184,-1.18802675875,56.5,226
"269",210011,1.513910401,1.479961198,50.2979412825,52.8130489325,138,-0.4037254135,37.5,150
"270",210012,1.516385805,1.47092983675,51.829223615,54.56250098,93.5,-0.713061755,37,148
"271",210013,1.531211725,1.49240384025,57.922003695,61.243886285,102.25,-0.3787409555,60,240
"272",210021,1.477432291,1.493122958,45.1107597975,48.3602890575,110.75,-0.57174322925,45.75,183
"273",210022,1.601241962,1.501876072,38.931049915,46.9993431625,109.5,-0.5823230485,63.25,253
"274",210023,1.507321681,1.487732651,47.213557855,53.2360383425,130,-1.15435990775,55.25,221
"275",210031,1.523379527,1.46270064625,43.3305126275,48.35157054,154.25,-0.82554093125,36.25,145
"276",210032,1.533286101,1.42197269475,48.7100275175,45.0728226,147.75,0.04772649975,54,216
"277",210033,1.505638577,1.438702549,46.885198925,57.4514846825,140,-0.16109974575,63.5,254
"278",210041,1.539402916,1.47422057625,52.47564837,49.987546535,139.5,-0.344340076,49,196
"279",210042,1.533542296,1.485237824,51.6618105525,58.38436073,87,-0.941808376,20.75,83
"280",210043,1.556825133,1.477317677,56.9741631925,52.003083855,105.5,-0.193456175,42.75,171
"281",210051,1.46774193,1.39852124425,62.363171225,63.672956195,70.75,-0.36244804125,24.5,98
"282",210052,1.455156913,1.41195631875,61.129366055,64.180371495,70.75,-0.804817156,19.75,79
"283",210053,1.463112982,1.37939735275,63.53250958,63.3660710525,91.75,-0.266938124,34,136
"284",210061,1.491511275,1.462135708,52.3573340975,57.4088333325,116.5,-0.49118576775,30.5,122
"285",210062,1.571650417,1.50488009025,53.72386886,51.613525745,94,0.181767042,37.75,151
"286",210063,1.584567153,1.51391581725,58.4859704575,57.2533396475,123,-0.676026492,37.75,151
"287",210071,1.546044077,1.49676657025,54.89796161,63.72081275,125.5,-0.82535620525,30.25,121
"288",210072,1.520381676,1.48573460975,53.821512835,54.6752363225,127.25,-0.63359897175,43.5,174
"289",210073,1.475420421,1.45782425325,48.4320123325,51.6198550025,132,-0.48942500425,23.75,95
"290",210081,1.547045357,1.48964830925,60.52146507,58.2718385575,97,-0.418021567,30.25,121
"291",210082,1.544476475,1.46855212675,60.0859448525,59.2136989225,81,-0.493463394,38.5,154
"292",210083,1.537336244,1.47377555125,62.6712846825,58.9918673775,97.25,-0.616954205,40.5,162
"293",210091,1.535104948,1.4349410065,61.833822585,64.15484505,112,-0.56831355625,42.25,169
"294",210092,1.551273004,1.456168447,57.620149145,61.399055595,93.25,-0.55475738275,40,160
"295",210093,1.571376056,1.46557598775,64.9369327,62.0129923175,116.5,-0.232330408,51,204
"296",210101,1.47637697,1.39707326725,55.9253927025,53.0745195925,110,-0.29364812675,45.25,181
"297",210102,1.512355692,1.4221828145,48.15268226,52.2074856775,96,-0.612207476,37.5,150
"298",210103,1.489027025,1.450200938,57.3031275925,60.96669936,175,-0.25998599825,45.5,182
"299",210111,1.486748934,1.48636238575,50.788281405,51.257235925,93.25,-0.53529898925,62.25,249
"300",210112,1.501975668,1.4697683375,55.2127893375,54.5086544875,92,-0.33954083425,42.75,171
"301",210113,1.447267063,1.4738890485,47.5703682675,46.323482815,104.5,-0.398177553,62,248
"302",210121,1.491406395,1.42784936125,60.306374925,62.0278113875,93.25,-0.5892151795,46,184
"303",210122,1.488060519,1.43714745025,56.822843785,57.68198163,85,-0.15865974025,30,120
"304",210123,1.547288349,1.441539833,69.046110085,55.0423956825,86.5,-0.462304361,33.25,133
"305",210131,1.427312598,1.381773136,59.8659467275,58.789290415,92,-0.507124734,25,100
"306",210132,1.516824191,1.44224694,56.2244028575,68.1340825325,108.75,-0.62749828075,33.25,133
"307",210133,1.440570937,1.452619198,57.0470794975,50.7971879525,125,-0.54383721325,32,128
"308",210141,1.500644127,1.4450410905,40.1209305525,41.3387396475,77.75,-0.28700205375,27.5,110
"309",210142,1.502060871,1.47973523925,47.6922424625,48.600330705,84,-0.0506385709999999,22.5,90
"310",210143,1.52980184,1.495394589,49.29577673,48.3854515775,93.25,-0.54279267125,29.25,117
"311",210151,1.49470119,1.45166567925,57.8860574375,62.035242325,107.25,-0.5579542565,24.75,99
"312",210152,1.505709174,1.47571186175,58.792049345,60.16084979,121.5,0.14977605875,35.25,141
"313",210153,1.573180334,1.44261796925,60.3728942075,64.8980940875,84.5,-0.3063528605,41.75,167
"314",211011,1.527875441,1.45963174825,51.2231530125,55.5639943775,95.25,-0.267350117,44.75,179
"315",211012,1.538253361,1.46721567825,56.2897886625,52.9708530575,111.75,-0.41741242425,37.75,151
"316",211013,1.492662584,1.46451632925,57.7929929775,54.9353835925,91.25,-0.15472681925,40.75,163
"317",211021,1.509417159,1.46579439475,58.6294056825,64.0767957325,101.75,-0.457386614,46,184
"318",211022,1.532531547,1.466748067,53.4393779425,57.996992255,87,-0.43559729875,19.25,77
"319",211023,1.555627872,1.47365805275,51.65177117,51.6005992525,94.25,-0.67339906475,28,112
"320",211031,1.500744486,1.476170648,59.0766156075,57.354502945,111.25,-0.42987794125,47.5,190
"321",211032,1.495610745,1.470139799,71.27482555,63.77841941,105,-0.266488376,27,108
"322",211033,1.529638883,1.5037454095,60.84728881,60.851835895,98.25,-0.2460706905,34,136
"323",211041,1.467869535,1.490949507,48.2225652,46.380326745,92.75,-0.02238669225,54,216
"324",211042,1.475057462,1.446764224,53.826147085,56.44578527,127,-0.60882975075,38.5,154
"325",211043,1.476804331,1.44893861,50.9143592475,55.801673505,114.75,-1.014750415,40,160
"326",211051,1.52446021,1.46414933775,61.41069412,56.1781337725,82.25,-0.3066943995,25.75,103
"327",211052,1.525290227,1.46392967025,58.604489235,61.9850276175,78.25,-0.222917554,33.75,135
"328",211053,1.547134256,1.44343332875,63.39010388,62.186942625,83.5,-0.48659733375,39.25,157
"329",211061,1.551019304,1.4732541875,38.405168445,38.452501325,90.5,-0.3551819145,27.25,109
"330",211062,1.464328642,1.42907437025,58.454724975,53.216463525,78.25,-0.72109127475,21.75,87
"331",211063,1.447283374,1.46597480725,47.10578481,53.38654277,106.5,-1.01789424975,36.75,147
"332",211071,1.50188924,1.446033619,61.4632467,60.220241215,105.5,-0.43323927775,38,152
"333",211072,1.52595208,1.44668343475,54.6402390975,60.6193847875,80,-0.49691294425,22,88
"334",211073,1.523348565,1.4842545715,58.1342938,58.687903065,96.25,-0.36339046525,40.5,162
"335",211081,1.456029338,1.38750161775,65.1682451725,64.8762353125,91.75,-0.50630538375,26,104
"336",211082,1.514575908,1.4581155495,65.5555364475,69.42040797,99.25,-0.45544511675,22.5,90
"337",211083,1.525814172,1.4407213605,72.66105002,72.013875915,79.5,-0.41047537575,18.75,75
"338",211091,1.47671647,1.40721594775,69.66726901,69.4721042525,89.75,-0.6442636785,23.25,93
"339",211092,1.504624935,1.42772314,65.0104123075,67.85868344,115,-0.3541690725,25.5,102
"340",211093,1.484145279,1.4495277505,61.6047821875,63.501073535,92.5,-0.56031221325,32.75,131
"341",211101,1.493230991,1.399658942,67.9408973525,66.391181425,77,-0.284754443,17,68
"342",211102,1.501168102,1.41939071225,65.85831725,70.4640251525,86.25,-0.87884181275,30.75,123
"343",211103,1.452760694,1.42382110875,61.085622375,60.110739645,100.75,-0.6049526145,40.25,161
"344",211111,1.568721038,1.47490209375,46.1974760825,44.8823826925,98.5,-0.38163365075,42.75,171
"345",211112,1.520726412,1.482930048,51.6850794975,56.7692620825,98.75,-0.6134711925,42.25,169
"346",211113,1.500309651,1.478675408,49.707455625,52.1835639975,95,-0.198708794,42.5,170
"347",211121,1.521702459,1.43832156775,54.32406119,56.8144547225,120.75,-0.76721350625,40.25,161
"348",211122,1.505846229,1.4298525625,67.083672225,67.21482977,86.25,-0.3752865385,28.5,114
"349",211123,1.533146713,1.4484967875,69.2873313925,67.079679585,83,-0.52183212275,27.5,110
"350",211131,1.397114135,1.411025536,63.8383291125,62.9228358075,88.5,-0.28441434475,24.75,99
"351",211132,1.481833898,1.4447461575,57.330833205,59.4645557325,96.25,-0.5358103815,28.75,115
"352",211133,1.442629547,1.4251906745,64.7709351575,63.06891195,130,-0.66088987375,25,100
"353",211141,1.498760757,1.43700513225,57.06318971,56.692450455,93.75,-0.65417816975,40,160
"354",211142,1.45899786,1.4141730185,63.225586215,62.3630029525,83,-0.59580287375,22.5,90
"355",211143,1.482123527,1.42140528175,64.3107655,66.4240547225,102.25,-0.5244506255,43.25,173
"356",211151,1.557411496,1.49324389525,59.7906412375,58.3972717075,91,-0.28248343575,38,152
"357",211152,1.554599675,1.50001169,60.588449655,57.3745246575,97.75,-0.7373799555,39.25,157
"358",211153,1.558203292,1.49240023375,51.630713435,60.1314872825,80.75,-0.21483195775,28.75,115
"359",212011,1.540882745,1.50624152325,55.2557679275,59.2842148125,87.25,-0.47022314725,36.25,145
"360",212012,1.55160065,1.50078482975,54.0641562475,52.021916175,153.75,-0.593157544,37.25,149
"361",212013,1.485858403,1.44508964425,47.349557705,47.9577791025,152.75,-0.2166544735,41.5,166
"362",212021,1.509627955,1.47097669425,54.6050979525,51.7200160125,104.5,-0.1182615725,72.5,290
"363",212022,1.522231379,1.48932861625,45.3784414625,46.7550472975,99.75,-0.2282364265,53.75,215
"364",212023,1.507896043,1.4631406155,52.8887704025,47.184409425,89.25,-0.28904080525,47,188
"365",212031,1.416725234,1.42872232625,63.2576593825,63.505519925,135,-1.06205236275,47.25,189
"366",212032,1.5499182,1.45214717,62.5309196,60.634485405,102.25,-0.45396829375,53,212
"367",212033,1.533752161,1.4224544665,63.938295605,64.67546527,88,-0.68260871925,29,116
"368",212041,1.563784681,1.526581737,39.73641123,46.99275846,183.25,-1.0850755485,59.75,239
"369",212042,1.506806563,1.49611734,39.9437811175,47.1122548875,135.25,-0.1104896125,41.75,167
"370",212043,1.520013865,1.47124089425,53.5266216375,52.757268215,103.25,-0.33261820375,69,276
"371",212051,1.503863751,1.42800430725,59.3556269225,60.4208591125,96,-0.39637516425,55.75,223
"372",212052,1.577957776,1.47397789925,59.33835461,60.16621807,124.25,-0.22272018675,43.5,174
"373",212053,1.550529336,1.46804505725,63.120288235,62.64211776,95.5,-0.64533319975,51.5,206
"374",212061,1.470267668,1.452366279,48.6495506975,44.5943030925,105,-0.36067443175,51.5,206
"375",212062,1.474595735,1.47585256225,44.0117498725,42.6656849525,102.75,-0.0775226315000001,39,156
"376",212063,1.605767857,1.44686050175,56.20495678,52.8144372575,139,-0.924489135,51.5,206
"377",212071,1.509708268,1.417929028,54.3946472975,56.43408539,103.25,-0.085733587,57,228
"378",212072,1.394691165,1.40183720675,60.5121596625,59.243385965,99.5,-0.30343878925,43.25,173
"379",212073,1.447537164,1.446585286,45.917882085,51.3486048425,103.5,-0.4405914985,33.75,135
"380",212081,1.562113501,1.503228698,46.17645701,50.95976753,154.75,-0.62489854675,49.75,199
"381",212082,1.553648683,1.466911132,55.50667025,52.09561269,104,-0.30162551525,55,220
"382",212083,1.513303105,1.472336487,60.6632939925,58.578233295,93,-0.73853815375,47.5,190
"383",212091,1.5460295,1.48189689425,59.27590331,61.0515952,99.75,-0.588771834,55,220
"384",212092,1.543250544,1.496681002,58.34310746,60.0753801825,88.75,-0.43269992425,44.75,179
"385",212093,1.533322534,1.48944953525,56.440576755,55.1006749125,97,-0.30186087925,45.25,181
"386",212101,1.590137074,1.48967687425,54.7038450625,54.0008473875,106.25,-0.34823327025,49,196
"387",212102,1.54986666,1.46387537825,58.792850895,57.83426491,90,0.01738376125,50,200
"388",212103,1.56507938,1.45153619975,53.43791068,52.8859508375,105.25,0.2863417035,71.75,287
"389",212111,1.515762184,1.430896625,54.903921425,59.93944019,94.5,-0.51741904225,50.5,202
"390",212112,1.527401905,1.46738740775,57.50415375,62.47919292,98.75,-0.9598869145,56,224
"391",212113,1.560578979,1.46340239675,59.69989327,61.3162641675,119.75,-0.58294591375,45.25,181
"392",212121,1.445129237,1.43025170525,52.36444734,55.55094828,88,-0.67033616075,18.5,74
"393",212122,1.568768498,1.4776346285,52.864970815,56.23033284,105.5,-0.1114039705,38.5,154
"394",212123,1.472607121,1.427429625,40.907897465,50.2742810775,104,-0.972207148,37.75,151
"395",212131,1.54763414,1.4757865735,56.556701105,65.7225557125,95.75,-0.7404611455,35.75,143
"396",212132,1.509362442,1.47116162025,49.4235385475,55.645600415,117.5,-0.40116734425,23,92
"397",212133,1.494188725,1.47456970275,59.3529452725,59.8486455375,87.5,-0.6873989995,36.5,146
"398",212141,1.545164726,1.4750649485,57.6487701425,59.60356771,104,-0.14822773425,61.5,246
"399",212142,1.483000838,1.43820718375,57.172409035,55.2293999175,85,-0.6049025255,36.25,145
"400",212143,1.525676608,1.4833345925,46.7102407725,54.6148938975,100,-0.5993067025,49.25,197
"401",212151,1.499218028,1.45379673925,56.6108885,62.43064928,103.5,-0.61845338025,39,156
"402",212152,1.53633662,1.4651362195,43.683760795,54.8176407825,133.5,-0.28454663775,31.75,127
"403",212153,1.539614585,1.4772189535,58.65390033,63.7190772125,105,-0.44430338225,31,124
"404",219011,1.535180951,1.48947543,56.3739011575,60.3519201975,97.25,-0.123586992,48.5,194
"405",219012,1.517604675,1.47506557825,62.71533782,66.9399668175,97.25,-0.419743262,34.75,139
"406",219013,1.508791255,1.47251126175,54.218631135,58.5415860075,85,-0.33471950875,36.5,146
"407",219021,1.558736437,1.494231087,51.9231809275,50.5135177925,115.5,-0.1281059885,76.5,306
"408",219022,1.50331671,1.50644929225,50.03220699,46.600810555,148.25,-0.049057966,73,292
"409",219023,1.478548519,1.4710415205,56.559233465,57.3119474275,96.5,-0.788829675,54,216
"410",219031,1.528788971,1.4461893715,63.2383741775,67.6757100975,126.5,-0.38638882575,35,140
"411",219032,1.571541917,1.4571944395,64.01009358,66.410608035,88.5,-0.888979911,38.5,154
"412",219033,1.585523191,1.383029209,62.12572487,64.286441905,88.25,-0.5573860885,46.75,187
"413",219041,1.496204262,1.4653783135,48.8367318575,45.0434208525,78.5,-0.465202517,26,104
"414",219042,1.525905581,1.477561119,31.7068295135,57.310828095,96.75,0.44732569675,25.5,102
"415",219043,1.513903638,1.47335444075,53.4567577775,51.63159637,92,-0.45416142175,31.25,125
"416",219051,1.532835539,1.50240658775,38.632147965,45.41373541,121.75,0.125828874,60,240
"417",219052,1.53181648,1.4725720185,53.4695029725,57.4718630275,124,-0.75478640875,55,220
"418",219053,1.549960603,1.53077833075,39.61883588,41.87250204,118.5,-0.50134912625,40,160
"419",219061,1.511002882,1.47799523875,53.3821697025,51.630889855,86.75,-0.31365710925,30.25,121
"420",219062,1.532140853,1.433804555,50.28206465,51.9661560675,77.75,-0.445400252,29.25,117
"421",219063,1.492291328,1.453023046,49.31997131,44.0614163475,93.25,-0.90038249975,39.75,159
"422",219071,1.461979736,1.50009503275,47.3672631625,44.8962547825,93,-0.4469010625,47.5,190
"423",219072,1.539442634,1.479071348,62.4017635075,65.9598988725,94.75,-0.644095421,39.25,157
"424",219073,1.365099662,1.48882554325,36.3955020875,44.68354721,112.75,-0.6370862385,91.75,367
"425",219081,1.542389221,1.43794407475,60.9708930375,66.1909943325,105.75,-0.41037926825,66.75,267
"426",219082,1.507492565,1.4302109495,65.0901319525,66.7256089625,99,-0.452335562,56,224
"427",219083,1.471961895,1.44335558275,51.5564560025,49.849177785,97.25,-0.3197222375,30.75,123
"428",219091,1.486231091,1.47603412875,57.8846751875,60.04195676,104.25,-0.44338543075,69,276
"429",219092,1.441198375,1.39767808425,60.376213705,61.4056234875,74.25,-0.7074129875,28,112
"430",219093,1.450850361,1.43007772725,55.002055715,50.4938971525,79.75,-0.25322043925,32.75,131
"431",219101,1.461542224,1.414890627,45.9739277325,48.5468272725,98.75,-0.37785047525,29.25,117
"432",219102,1.50230471,1.41215744525,51.69738079,46.7275385275,106.5,-0.88509929775,42.75,171
"433",219103,1.468728501,1.41057136675,45.290763175,46.7952345025,98.25,-0.65707745075,49.75,199
"434",219111,1.498791025,1.4514286215,56.9262030375,45.86700916,79,-0.368615565,26,104
"435",219112,1.521916635,1.42421281475,53.269439385,50.0499514375,81.25,-0.60848854525,32.5,130
"436",219113,1.52273262,1.48032113925,42.73127881,44.246429155,79.5,-0.0378315415000002,27.5,110
"437",219121,1.565005967,1.44909829075,50.0355901925,52.663407955,112.25,-0.2063719055,27.75,111
"438",219122,1.508043465,1.362267858,50.67982147,56.32321713,112.25,-0.42934817375,50.25,201
"439",219123,1.477059099,1.45270620025,47.0801372825,48.5696341425,97.75,-0.7329989935,47.75,191
"440",219141,1.5032369,1.41768526425,52.7024215275,56.235220815,81.75,-0.468427815,19.25,77
"441",219142,1.508611712,1.4488341255,53.706435695,58.261613595,101.75,-0.51539029975,44.25,177
"442",219143,1.450028423,1.4056119615,57.9949791025,56.94097165,100,-0.306380209,40.75,163
"443",219151,1.480410015,1.433375774,57.3406972575,62.9283254075,95.25,-0.560118063,39.5,158
"444",219152,1.523630462,1.41072197275,54.5215616375,57.6657755275,130.5,-1.1161140365,39.25,157
"445",219153,1.540700692,1.407811204,52.628011595,56.08369675,118.25,-0.647259997,34,136
"446",220011,1.492475515,1.44034387125,56.2421915025,55.814985025,89.25,0.125695527,30,120
"447",220012,1.516386638,1.45324171075,52.23296369,50.676881935,86.25,0.0797653230000001,28.5,114
"448",220013,1.497538305,1.4561723745,64.8682034475,66.1587392,93.75,-0.713167574,41,164
"449",220021,1.529056137,1.4696414685,58.4629250575,60.5826930625,103.25,-0.60545141525,33.25,133
"450",220022,1.529016983,1.46941755675,48.081394405,50.1498130525,79.5,-0.0315120847499999,27.5,110
"451",220023,1.572082124,1.50842413525,51.59783949,61.07654525,88.25,-0.58097179925,43.75,175
"452",220031,1.514440382,1.51304605725,44.343343365,47.4815207,107,-0.69354673675,59.25,237
"453",220032,1.509197159,1.4876893405,42.287390405,46.07641187,130,-0.238439055,51.25,205
"454",220033,1.511038939,1.48630062475,49.7443455375,50.178243425,104,-0.430624975,62.25,249
"455",220041,1.482902083,1.4519563975,50.439710535,47.6187356875,95.25,-0.1768663625,44,176
"456",220042,1.514920456,1.46212312775,60.771766745,61.5303037175,81.5,-0.46310884325,21.25,85
"457",220043,1.485923909,1.465973513,50.65138932,43.302017405,107.25,0.2064894235,70.25,281
"458",220051,1.434730708,1.378780313,55.16435084,52.4799358025,84.5,-0.7805923735,25.5,102
"459",220052,1.431780408,1.40619004025,50.351531275,50.4033181275,98.25,-0.532324446,36,144
"460",220053,1.449307092,1.417426881,49.7023965125,52.61205948,111.5,-0.56195457675,32.25,129
"461",220061,1.497241576,1.43669023575,50.58287424,50.9846107575,84.75,-0.5623575595,25.5,102
"462",220062,1.484532245,1.4437362395,54.4320808525,51.1465521575,85,-0.38682017375,24.5,98
"463",220063,1.538483158,1.506553063,63.3682272625,66.9159649025,86.5,-0.32910375575,36,144
"464",220071,1.521156683,1.48654274425,63.2989291675,60.8298197325,80.25,-0.524082505,32,128
"465",220072,1.528638772,1.44645325175,63.2286108025,63.5643290925,75.5,-0.62877177825,18.5,74
"466",220073,1.513810234,1.46166624175,62.9113649675,57.7336560725,112.5,-0.56603048275,42.75,171
"467",220081,1.506922172,1.44104926075,60.808048565,59.8616450375,82.5,-0.77539007975,30.75,123
"468",220082,1.519437133,1.418892316,58.345382655,60.3569401125,125.5,-0.21484635975,50,200
"469",220083,1.483418647,1.4383122955,59.7577892425,65.1458847325,98,-0.57713934475,60.75,243
"470",220091,1.54485645,1.4570014455,53.3515186275,55.414167195,140,-0.588452978,62.75,251
"471",220092,1.525819255,1.516969128,51.6227424925,54.83837049,97.25,-0.581991686,41.5,166
"472",220093,1.555620648,1.52919401625,42.735181365,37.0200239975,102.75,0.15452968325,41.25,165
"473",220101,1.523445676,1.4758782825,61.873171055,59.19929669,80.75,-0.35786416025,28.5,114
"474",220102,1.547217456,1.487243559,58.878005765,62.8679974925,111,-0.33171992625,40,160
"475",220103,1.55618906,1.48173551575,56.968766595,60.5126079,107.25,-0.62751702875,59.5,238
"476",220111,1.472323812,1.4373437435,58.0818933925,61.717608605,77,-0.787854094,16.75,67
"477",220112,1.491164346,1.42038598125,59.9325940775,62.699396235,70,-0.75621085875,16,64
"478",220113,1.522881203,1.48380968875,53.14626284,56.1537465025,82.25,-0.3713091635,24.5,98
"479",220121,1.545741674,1.47914482625,54.9525521225,48.30218802,94,-0.325518296,31,124
"480",220122,1.563761397,1.53212124875,46.305150295,46.567100945,83.75,-0.4071080105,26.75,107
"481",220123,1.566585702,1.48872462325,61.2065163325,60.66771251,85.75,-1.05600738475,27.5,110
"482",220131,1.540298339,1.48087075825,61.80903751,59.517932315,106.75,-0.357136706,45.75,183
"483",220132,1.506993711,1.47455903025,57.4320747175,58.44473757,118.25,-0.12377527525,34,136
"484",220133,1.516136361,1.49755695375,50.5292681275,56.6209559825,89.5,-0.59456169075,28.5,114
"485",220141,1.474694186,1.44558031375,51.5025128575,60.199708455,121,-0.582727894,34,136
"486",220142,1.515483923,1.48577862575,47.1811843025,56.819044965,94.75,-0.52526876575,32.75,131
"487",220143,1.51424151,1.544648105,56.0786235025,55.2114961325,117,0.240548847,58.5,234
"488",220151,1.543324371,1.446974571,63.5097376425,54.82193565,97.25,-0.39137993175,29,116
"489",220152,1.530768014,1.45593932175,68.857062135,68.782347045,79.5,-0.417889104,29.75,119
"490",220153,1.545625991,1.4522492635,52.8231358225,59.5608904825,124,-0.49073808725,40.25,161
"491",221021,1.554555353,1.4755438515,60.442842055,51.4644826975,105.75,-0.0544446955,54.75,219
"492",221022,1.509683422,1.45990778375,57.5467608225,57.30785061,85,-0.7090200745,41.5,166
"493",221023,1.568188398,1.49677099075,46.465826715,52.325752775,136.25,-0.4227514885,66.5,266
"494",221031,1.507487037,1.4533551925,64.900827315,67.4036043075,77.5,-0.317660469,33.75,135
"495",221032,1.480859463,1.44303835475,57.646998145,60.33411958,82.75,-0.48889706325,47,188
"496",221033,1.562257776,1.49610965475,45.6929641075,52.1543564775,97.75,-0.6756005485,45.5,182
"497",221041,1.505793501,1.451119757,65.1764915875,66.701871815,74.5,-0.7551940335,32.5,130
"498",221042,1.481733049,1.4440865085,63.57050759,60.3166949425,82.25,-0.71291180025,36.75,147
"499",221043,1.560712141,1.47242719725,55.726053155,59.8214826575,82,-0.63379613475,44.5,178
"500",221051,1.53215226,1.512400067,53.4914614475,43.31648801,118.25,-0.017614274,39.5,158
"501",221052,1.550182346,1.5008057625,53.54442342,45.94537854,94,-0.1528817915,43.75,175
"502",221053,1.530616654,1.52171565325,47.7462877075,79.49218748,106,-0.39875449925,35.75,143
"503",221061,1.484813844,1.428080781,52.80232643,51.167256435,93.75,-1.088415358,19.75,79
"504",221062,1.522377642,1.451869178,53.75066343,57.708231605,85,-0.51936811125,23,92
"505",221063,1.489465131,1.431241691,58.214445585,57.088585475,82,-0.3086894865,19.5,78
"506",221071,1.508920626,1.4763329445,48.94677765,52.8627650075,94.25,-0.6964592165,39.25,157
"507",221072,1.448400359,1.43458210775,62.7771375875,62.525960795,89.25,-0.54401395025,27.25,109
"508",221073,1.489510229,1.44734041125,59.99731858,60.2035221575,95.5,-0.5694056455,27.75,111
"509",221081,1.561136445,1.49049834125,52.54811657,42.0408152025,130.25,-0.9387420775,48.25,193
"510",221082,1.52820693,1.4832532255,46.688796535,49.823517145,87.25,-0.5039902365,71.75,287
"511",221083,1.560886087,1.50505237075,59.7821321,54.2614196525,105.25,-0.20566865075,44.5,178
"512",221091,1.482106712,1.43019234175,50.7119754375,42.520542985,139.5,-0.3180252675,65.25,261
"513",221092,1.493238684,1.466664977,50.2913056625,50.4865241125,115.75,-0.512294928,63.5,254
"514",221093,1.439429321,1.43046211175,48.7349731825,42.6688114525,100.75,-0.80769615625,89.5,358
"515",221101,1.524449724,1.459343575,68.28787913,71.1963515325,85,-0.48262819,37,148
"516",221102,1.522307791,1.45199343425,65.4003197675,66.7712013075,77.75,-0.36531019975,37.25,149
"517",221103,1.503055497,1.44593806975,49.763705435,50.80807737,88.75,0.0496381810000001,59.5,238
"518",221111,1.573668786,1.49474007625,49.56071705,46.0374325075,89.25,-0.9523357575,48.5,194
"519",221112,1.543249501,1.471990401,48.8640751925,49.0192909525,100,-1.06807463575,48.75,195
"520",221113,1.569810082,1.51707116625,43.51492166,45.6912152025,101.75,-0.58010992125,60.75,243
"521",221121,1.450429661,1.459297017,56.1602255625,51.1317733125,124.25,-0.92336512475,36.75,147
"522",221122,1.535658446,1.46637219075,43.4363794,45.138943465,121.25,-0.5809894695,52.75,211
"523",221123,1.487879832,1.41392959925,54.9996995975,57.231328475,86.75,-0.67289585025,26.5,106
"524",221131,1.550029259,1.486467922,59.4221596125,60.71325298,97.75,-0.19216395375,55.25,221
"525",221132,1.487696469,1.43054589725,61.4232597675,63.127326105,85.75,-1.005282338,23.25,93
"526",221133,1.525604487,1.45719090325,58.7539980075,61.1998855925,85.5,-0.68903296475,28.25,113
"527",221141,1.544368018,1.499170905,46.28571112,49.1817963525,133.75,-0.4686603845,65,260
"528",221142,1.515024772,1.49738838175,41.005741965,40.259897365,149.5,-0.3178321975,67,268
"529",221143,1.472352534,1.47729684025,47.055169615,49.5543005975,87.25,-0.5049113625,42.25,169
"530",221151,1.543129301,1.4941600315,62.435763585,62.384545075,92.5,-0.541688941,44.5,178
"531",221153,1.536827949,1.50507081125,47.397652975,47.68061346,93.5,-0.332046232,33.25,133
"532",311011,1.435177228,1.35642724875,51.6933511925,46.705155825,118.75,-0.89010097125,105,420
"533",311012,1.441210725,1.42551614625,45.9177791325,43.112217095,116,-0.57851919675,57.75,231
"534",311013,1.441852757,1.38131964375,50.4550253375,52.0393032525,114.5,-0.6441976105,38.75,155
"535",311021,1.427025832,1.4187192555,51.85851397,55.287862945,109,-0.45404225775,20.5,82
"536",311022,1.486283343,1.4633732155,58.984076525,58.7875984,78.75,-0.3139522845,16.25,65
"537",311023,1.454322129,1.415864941,55.185807705,57.95346724,83.75,-0.70332686375,41,164
"538",311031,1.451904845,1.44406302325,51.6453222075,53.698426735,89.75,-0.18327444225,33,132
"539",311032,1.499811579,1.43361998425,53.2473337575,53.97484351,87.75,-0.5246009475,50.25,201
"540",311033,1.480338007,1.455004905,54.020855745,56.7575332225,129.5,-0.843096467,50.75,203
"541",311041,1.425188397,1.4114447745,55.824638305,45.1554839575,137.5,-0.33937195225,30.75,123
"542",311042,1.54620795,1.487731024,45.8495539375,46.253678365,123.25,-0.162173209,42.25,169
"543",311043,1.489320974,1.433365314,53.471700925,56.3098595025,121.5,-0.56891680275,27.75,111
"544",311051,1.523365811,1.5157995655,43.6048245325,41.42636997,109.25,-1.030614402,38.25,153
"545",311052,1.506300976,1.46235001975,47.0898976,39.2740918975,92.25,-0.688947041,38.75,155
"546",311053,1.590743834,1.48824347475,44.8742307075,49.2335483175,109.25,-1.10066638075,62.75,251
"547",311061,1.460492242,1.47395880275,53.7203519675,52.6194313225,96.5,-0.82714987275,52.25,209
"548",311062,1.449610628,1.390034819,64.7308629375,67.68128698,84.25,-0.5084928545,25,100
"549",311063,1.4555864,1.40701308925,58.6349703275,61.9592464825,101.25,-0.5680247255,25.25,101
"550",311071,1.465277264,1.44198451825,49.8720446925,53.5616384125,96,-0.39196142525,41.75,167
"551",311072,1.485582192,1.4334709885,46.2917671375,48.31764064,91.25,-0.424618132,33.75,135
"552",311073,1.480576753,1.44803105475,45.2481413275,45.676173415,84,-0.98733298525,39,156
"553",311081,1.401004332,1.364304204,48.3470264575,53.8144934875,136,-1.0429511195,31.5,126
"554",311082,1.418866967,1.43644437675,44.0857281,46.8453467675,91.75,-0.90492227475,34,136
"555",311083,1.448509911,1.4521714105,55.9084763625,53.31493388,95.25,-0.34341034325,33.25,133
"556",311091,1.499033144,1.448211754,45.7161789675,43.1831517375,105.75,-0.35915173275,33.25,133
"557",311092,1.432768174,1.41273672725,60.0751030775,61.35527483,77.25,-0.27118947325,27,108
"558",311093,1.461498697,1.45706531925,54.2134982625,50.0165210925,87.25,0.0730969715,37.5,150
"559",311101,1.491220415,1.43047611275,56.63157081,56.14857157,84.25,-0.55259501975,32.75,131
"560",311102,1.48997,1.484241179,61.2453819675,63.353789535,100,-0.42124067825,24.75,99
"561",311103,1.4841355,1.483356672,58.243957445,58.6060150225,78,-0.490902935,18.5,74
"562",311111,1.457033775,1.4224518605,63.7477930125,61.08160703,98.25,-0.19379649975,45.25,181
"563",311112,1.451275277,1.426677011,45.414940705,47.25254442,79.25,-0.55899692225,28.5,114
"564",311113,1.43399568,1.411752452,54.5446023775,44.33907274,119,-0.61889057575,35.5,142
"565",311121,1.477004309,1.41925926125,61.966570005,57.43132714,67.5,-0.425027725,19.75,79
"566",311122,1.56039296,1.46522006875,55.784845865,60.7827937575,86.25,-0.49973707325,34.5,138
"567",311123,1.494950217,1.43040405775,53.91330932,60.49489898,75.25,-0.6057625245,21.75,87
"568",311131,1.422012035,1.409428204,44.85876262,51.0596100975,98.75,-1.030575796,46,184
"569",311132,1.425150043,1.4657146055,39.0597543775,42.52457614,124,-0.8967170095,48.25,193
"570",311133,1.469976054,1.4624381105,51.81576594,50.01198151,117.5,-0.7463084475,48.5,194
"571",311141,1.499847772,1.45691856275,63.148625265,63.9186124025,91.75,-0.60649787325,48.25,193
"572",311142,1.425029457,1.4433367855,54.2612519375,54.903837975,76.75,-0.709499973,25,100
"573",311143,1.495098366,1.45215059775,65.824011045,62.47199121,110.5,-0.42933259825,35,140
"574",311151,1.507084346,1.42534423975,44.11139573,51.4440702425,105.75,-0.35703188225,66.5,266
"575",311152,1.484208602,1.394376709,63.21193409,55.6344056175,96.5,-0.03301100825,57.25,229
"576",311153,1.47258374,1.4236860585,50.81886,46.38663999,106.25,-0.459487616,63.5,254
"577",320011,1.463361011,1.42582446525,63.3531785875,57.750723295,87.75,-0.62829307475,30.5,122
"578",320012,1.488662198,1.4588743595,48.237590605,46.6175668725,91.25,-0.31797771075,45.5,182
"579",320013,1.468648707,1.41437134475,53.6031395125,56.307766465,83.25,-0.760403622,32.5,130
"580",320021,1.480918512,1.43061105775,61.57597577,62.75376323,77,-0.60545632475,21.5,86
"581",320022,1.539496318,1.4845146375,56.764091665,59.9693537275,95.75,-0.34306384325,30.75,123
"582",320023,1.463525628,1.44402184925,42.126852035,43.031256815,79.5,-0.58531696375,26,104
"583",320031,1.522911147,1.47724282175,49.493055665,49.7867035975,91.75,-0.2784174125,25.25,101
"584",320032,1.481272274,1.45862799025,45.1426910275,47.8252780975,121,-0.47599771525,22.25,89
"585",320033,1.452839347,1.45741402375,34.87016476,41.96288232,106.25,-0.735781464,29.5,118
"586",320041,1.485160916,1.462310892,58.231840705,57.1748145825,111.75,-0.39170920425,51.5,206
"587",320042,1.485950044,1.483836218,49.59553311,50.52916653,112.25,-0.37256768975,45.25,181
"588",320043,1.563301079,1.46813011575,57.16095136,61.3609197975,117.5,-0.44399530525,47.25,189
"589",320051,1.553210549,1.40383109625,64.30221279,62.69750572,83.75,-0.18707501175,34.75,139
"590",320052,1.494983595,1.43582677325,53.0447608725,57.2707783325,75,-0.55851124725,22,88
"591",320053,1.527922937,1.4317816845,57.77825086,57.99911199,75.75,-0.55065705875,29.75,119
"592",320061,1.550569056,1.435586144,54.711614575,56.635972385,99,-0.78530435225,74.5,298
"593",320062,1.472118032,1.40077828775,56.8780599975,59.3008773525,106.5,-0.90699647775,75,300
"594",320063,1.510370612,1.45736964675,50.378451215,51.2183568125,96.5,-0.758450383,52.25,209
"595",320071,1.534392152,1.4545023905,49.29570022,51.4555626875,89.5,-0.48313087425,36.75,147
"596",320072,1.541009868,1.50998730225,45.6893489775,45.424646215,85.5,-0.579598961,35.25,141
"597",320073,1.539082507,1.44151898625,52.83964748,53.644613545,88,-0.51702930725,45.75,183
"598",320081,1.523587921,1.46935328275,55.9327429275,54.0351955825,120.75,-0.14769693375,37.25,149
"599",320082,1.612547503,1.44844024225,54.0828075175,56.478604655,151.25,-0.281055034,66.25,265
"600",320083,1.521653009,1.533572026,52.795630775,55.4908929525,79,-0.39604376975,27,108
"601",320091,1.49564135,1.496991813,53.2185678725,54.2280952875,89.25,-0.41457870675,59.25,237
"602",320092,1.531862291,1.466419941,54.0864431,59.02900432,110.25,-0.669030446,42,168
"603",320093,1.413865568,1.42389870275,54.04698276,56.496706615,98.5,-0.1114718945,32.75,131
"604",320101,1.467450483,1.44943562725,52.728619755,45.6211095,103.25,-0.7090138475,44.5,178
"605",320102,1.44331055,1.33741539775,60.08992734,48.71524189,100.75,-0.96016781975,59.25,237
"606",320103,1.489454323,1.35233583425,57.78206548,55.82794124,110.75,-0.52357410925,75.75,303
"607",320111,1.458507392,1.418874991,46.74101198,44.5232405975,104.75,-0.555330576,36,144
"608",320112,1.436212092,1.3851265045,51.465754695,56.05533947,97.75,-0.68578677625,40.5,162
"609",320113,1.404019515,1.4157260625,50.7489072175,41.4629378125,94,-0.33725843,37.5,150
"610",320121,1.526432778,1.47369572775,63.0349064975,64.93988563,105.25,-1.11757261925,31.25,125
"611",320122,1.4157225,1.46742922325,47.7522514025,65.061284725,87,-0.8831837255,33.5,134
"612",320123,1.436181507,1.45793617925,48.818964915,51.7636920425,94.75,-0.32785127575,47,188
"613",320131,1.463427705,1.477354052,50.004317995,42.083539795,87,0.5710137525,62.5,250
"614",320132,1.500696542,1.4658474215,41.90624422,42.6448024525,90.75,-0.881194332,30.75,123
"615",320133,1.516001191,1.4813557805,45.5635559275,41.02847991475,89.5,-0.99377806725,45.5,182
"616",320141,1.430673521,1.449248608,45.3571338025,44.9524976625,148.75,-0.14101350575,72,288
"617",320142,1.431882893,1.45685448475,56.024912745,50.6883512975,111.75,-0.08892555425,65.25,261
"618",320143,1.488279664,1.458539254,46.9389679625,47.6194053975,101.5,-0.713794529,75.5,302
"619",320151,1.518130931,1.48034867025,60.9841873325,53.073061745,86.75,-0.45825182175,35.25,141
"620",320152,1.485851719,1.400904054,60.28202283,57.47431878,110,-0.6974503795,58.5,234
"621",320153,1.534127678,1.50125503425,54.42147173,54.4026246025,79.5,-0.359391908,20.75,83
"622",402012,1.522120481,1.49031329,40.89468154,43.7400014725,95.5,-0.7215568745,41,164
"623",402013,1.435176952,1.46364893075,51.369355115,48.88338196,99.75,-0.36101209325,64.25,257
"624",402021,1.451645942,1.43653472525,46.47823449,45.0795995025,106.25,-0.424832332,43.25,173
"625",402022,0.731829383,0.109090909,0,0,0,0,47,188
"626",402023,1.487092014,1.43500534075,59.4168927775,62.453564155,96,-0.4478184815,35,140
"627",402031,1.486743682,1.39861830375,54.950509345,57.02313005,94.5,-0.667959762,63,252
"628",402032,1.502256946,1.3749321195,52.3118392725,56.34408957,102,-1.0206975755,57.5,230
"629",402033,1.472479598,1.42202497175,58.151021455,64.20411849,102.25,-0.84564402,72,288
"630",402041,1.46870738,1.44236650175,60.1195869175,60.3650376475,99.5,-0.20180884575,56,224
"631",402042,1.489121989,1.47425694575,49.3954944325,45.906229535,133.75,-0.215234413,56.25,225
"632",402043,1.466602379,1.431936175,64.0638643375,60.0246710025,91.75,-0.26966718125,46,184
"633",402051,1.420179334,1.44823136325,60.3486884075,59.499812985,91.5,-0.34683912375,45.75,183
"634",402052,1.488615217,1.45160470125,50.378008125,51.9315345325,96.75,-0.592613411,83.5,334
"635",402053,1.449829061,1.4696899255,46.543696645,48.8843681025,139.25,-0.2785806125,34,136
"636",402061,1.537475681,1.46957960425,57.862441485,56.678647,100.25,-0.52376920125,52.75,211
"637",402062,1.43886935,1.45028620825,42.573438315,42.493630345,106,-0.5301784245,76.25,305
"638",402063,1.475622963,1.45107797825,46.9327585475,45.337208645,108.75,-0.64551577725,60.75,243
"639",402071,1.500156055,1.4650780895,61.6798725225,64.151359425,94.75,-0.6799786585,32.25,129
"640",402072,1.5050486,1.47602096625,52.58284354,51.23792676,127,-0.6636431735,70,280
"641",402073,1.482667996,1.4707346645,55.6382738525,56.342169325,116.25,-0.0164403709999999,65.75,263
"642",402081,1.46391484,1.3718655935,65.3192249275,67.5454649325,85.25,-0.765540742,29,116
"643",402082,1.49677911,1.4284986275,58.17567917,51.82951504,133.5,-0.744996225,40,160
"644",402083,1.50071124,1.42518733175,57.890936635,55.09604855,131.5,-0.658018491,39.75,159
"645",402091,1.496618653,1.4399580175,62.67030185,64.6334924,82.25,-0.68771120875,25.75,103
"646",402092,1.455416735,1.392771713,63.0100299725,60.3932850925,99.25,-0.534528584,18.5,74
"647",402093,1.310270973,1.36153157225,75.0057595125,69.687886025,68,-0.4668700575,7.25,29
"648",402101,1.498387842,1.40951504425,47.2329137575,59.41697691,117,-0.82162064125,55.75,223
"649",402102,1.396458469,1.435389073,53.270251325,49.146252515,87,-0.747342245,43.5,174
"650",402103,1.508841748,1.4318477075,59.3651009875,55.6159121925,95.5,-0.773222573,42.25,169
"651",402111,1.474871457,1.4771491105,50.3049688775,49.505227005,119.75,-0.291499395,34,136
"652",402112,1.529628975,1.47581302425,49.7796096075,50.2422225475,108.75,-0.5582003625,66.25,265
"653",402113,1.488836254,1.456838639,59.3601103225,57.8043788725,91.5,-0.88104155075,28.5,114
"654",402121,1.671198464,1.39817415825,57.8608283275,61.0883388,110,-0.21215457575,68.5,274
"655",402122,1.497678417,1.476146335,56.52468339,58.88759995,98.5,-0.25501831925,41.75,167
"656",402123,1.4592295,1.42775103,57.2504131275,54.891153475,97.25,-0.5642422195,29.5,118
"657",402131,1.448393359,1.43600050475,43.397031395,46.889044915,107.25,-0.81588728575,80,320
"658",402132,1.391485465,1.46093021,45.069163375,42.2178398575,94.25,0.0133535415,25.75,103
"659",402133,1.501021699,1.40771085025,56.41471329,55.876498365,136.25,-0.6465849055,36.75,147
"660",402141,1.628433725,1.378834721,55.82811465,55.1475239275,109.25,-0.3757123045,79.25,317
"661",402142,1.605446719,1.45630498825,66.19055225,59.692563175,117.5,-0.0601635129999997,59.25,237
"662",402143,1.536856954,1.3343546845,62.652473905,64.2085599675,111.5,-0.98268762325,79,316
"663",402151,1.486059367,1.4002679385,65.936662815,67.9724255825,119,-0.43875013925,34,136
"664",402152,1.406843956,1.426196653,56.746091935,50.84972415,165.75,0.019947454,49.5,198
"665",402153,1.474005028,1.443221232,46.94267918,54.456812925,103,-1.0154171525,70.25,281
"666",413011,1.520262622,1.49010490825,55.5686091375,51.868634655,118.75,-0.626608757,36.25,145
"667",413012,1.553509947,1.474919454,53.734282495,55.6393166425,97,-0.977708945,47.25,189
"668",413013,1.570947388,1.49945198725,61.639301605,60.4733793975,94,-0.3991887695,33.5,134
"669",413021,1.476314949,1.41520185175,65.52156019,67.6540941425,75.25,-0.51593748,14.25,57
"670",413022,1.501072236,1.46224637175,60.846620635,64.0003286975,98,-0.68326731425,24,96
"671",413023,1.582493101,1.46217092675,52.6049428775,55.186666385,79.75,-0.2257614535,23.5,94
"672",413031,1.513487041,1.48627369775,50.7313818575,53.1184857775,78,-0.31681973525,21,84
"673",413032,1.512528588,1.4636524845,51.53151856,54.238710785,93.75,-0.652977464,35.75,143
"674",413033,1.516907598,1.4747001,60.607230075,61.248682085,103.25,-0.552648314,25.75,103
"675",413041,1.488541535,1.42716112825,57.6820795775,59.1476697475,79.5,-0.511550322,31,124
"676",413042,1.531685261,1.478769851,49.9320782075,47.3511278025,88.75,-0.54467723475,37.75,151
"677",413043,1.572800919,1.48911245875,44.367140695,43.1915292825,96.5,-0.2662606055,40.5,162
"678",413051,1.503183103,1.4470819215,62.341295565,67.13001767,91.25,-0.73247115075,30.25,121
"679",413052,1.564567793,1.48078369725,55.027853715,59.4161991475,120,-0.559680746,28,112
"680",413053,1.505959381,1.48126117225,40.31112215,44.9227809075,85.25,-0.79755423175,31.5,126
"681",413061,1.50541876,1.4573327515,62.828459365,61.923987645,91,-0.45761723425,36,144
"682",413062,1.551534808,1.4929110705,65.57218796,66.7781904,87.75,-0.4625377505,23.25,93
"683",413063,1.549173881,1.515921073,61.5952851775,56.444076215,79.75,1.130181919,26.25,105
"684",413071,1.53831092,1.44925305475,55.61937073,58.176506725,82,-0.55421766725,28.25,113
"685",413072,1.510889556,1.43612617525,57.7198391425,58.152901645,94,-0.77636460575,41,164
"686",413073,1.446528433,1.4278699785,54.4188633375,63.9879684175,78.5,-0.69079171175,20,80
"687",413081,1.509556543,1.449551134,59.252650705,57.8211250575,129.5,-0.28849687375,42.25,169
"688",413082,1.521455466,1.44337230675,61.345239385,61.27919536,93.5,-0.65543473375,23.75,95
"689",413083,1.509613428,1.4351486835,66.3892441525,69.343644095,100.25,-0.6065973105,21.25,85
"690",413091,1.440858103,1.416193293,58.24012623,55.6505157575,84,-0.2584150495,16.25,65
"691",413092,1.545875745,1.4520640335,56.0563106375,59.8150664375,85.5,-0.4173561485,19.75,79
"692",413093,1.478068639,1.43538824725,61.3450479875,58.1538749075,87.75,0.04179940525,18.75,75
"693",413101,1.478794767,1.44561705525,58.6964556225,61.328080025,72,-0.5273439745,21.25,85
"694",413102,1.469781004,1.44538611925,49.235263775,57.300533225,98.5,-0.7086646235,29,116
"695",413103,1.480646672,1.47743021325,52.0472487875,48.7133545175,123.25,-0.57416682325,38.75,155
"696",413111,1.555561097,1.46006164125,58.899546455,59.602092345,78.75,-0.5467263885,23.75,95
"697",413112,1.521957657,1.476287821,44.762452225,42.9317640075,83.5,-0.0785152195,32.5,130
"698",413113,1.539090378,1.45980007775,58.11526388,61.5571828125,88.75,-0.6737388365,19.5,78
"699",413121,1.521144667,1.444184485,64.0097552925,67.03973017,86.5,-0.49623498825,32.75,131
"700",413122,1.545084165,1.45935460725,62.2270751275,59.48010954,91.25,-0.573358405,32.75,131
"701",413123,1.572401558,1.46685879,59.1740432925,54.92795423,92.75,-0.42667938925,38.25,153
"702",413131,1.544667122,1.48131580525,54.8730532875,52.9775773825,91.75,-0.400684683,33.75,135
"703",413132,1.536019866,1.48197479625,59.2765427675,54.54989733,94.75,-0.422536153,36.5,146
"704",413133,1.56639248,1.47466419,50.350870415,43.4616626225,119.25,0.14777853925,59.5,238
"705",413141,1.522946935,1.393330047,64.2500019175,64.63905816,113.25,-0.887738795,35.25,141
"706",413142,1.484069266,1.41070374425,65.5777667725,67.3711860325,84.75,-0.538686959,21.25,85
"707",413143,1.489437297,1.44229175375,62.3250496425,64.29374813,79.75,-0.52762713725,22.25,89
"708",413151,1.513057643,1.4433872515,62.0808372325,57.4161852725,94.5,-0.3087213225,32.75,131
"709",413152,1.523145309,1.44143869525,61.748573165,60.289521615,91.25,-0.75584023125,26,104
"710",413153,1.494534207,1.4737733165,53.4404703775,55.4984525525,85.25,-0.24645032825,23.25,93
"711",414011,1.487914717,1.455976644,48.43553057,43.461721235,105,-0.51409014325,65.5,262
"712",414012,1.464672368,1.45067689025,59.221629725,52.98100504,98.5,-0.4683271265,35.75,143
"713",414013,1.510124559,1.4734584025,46.90454199,40.8190655175,154.5,0.0367735062499999,59.75,239
"714",414021,1.517957482,1.433701703,60.62392858,53.050016515,95.75,-0.2524334605,44,176
"715",414022,1.483292082,1.43792990675,50.1585361225,54.6906360625,87.75,-0.84783692525,44.75,179
"716",414023,1.533214053,1.42929939875,54.219035985,59.44582678,93.75,-0.49053615975,43.25,173
"717",414031,1.501622606,1.473159151,61.871208375,61.293709415,99.75,-0.47639117675,18,72
"718",414032,1.512442766,1.449263363,54.573032435,52.5477799375,97.25,-0.31650611825,30.5,122
"719",414033,1.500042412,1.4846359645,53.693552145,50.7542186575,123,-0.2068189345,25,100
"720",414041,1.540170235,1.4886428155,56.090456555,51.653976685,101.75,-0.33606827775,42.5,170
"721",414042,1.51395208,1.51423831075,54.1142873225,55.6503357175,104.25,-0.4428002285,54.75,219
"722",414043,1.528164463,1.50970111725,47.816837315,43.4283156425,125.75,-0.08818673,40,160
"723",414051,1.563813594,1.48628969025,58.35087232,61.903987895,94,-0.8602812055,40.5,162
"724",414052,1.537603705,1.49953569725,49.7163449,48.993906845,92.25,-0.45489029675,37.25,149
"725",414053,1.559793401,1.4376186395,62.638667455,65.8159129525,85.75,-0.428155954,51.5,206
"726",414061,1.496956172,1.460298788,38.83379001,36.2958592575,113.25,-0.38097969325,38.25,153
"727",414062,1.527987628,1.4801836225,63.7161303225,62.7068895425,92.5,-0.35896096775,31.25,125
"728",414063,1.483546863,1.445827885,62.978232965,64.451329565,87.75,-0.496644978,28,112
"729",414071,1.526266535,1.43363380825,58.025587515,54.22820031,98.25,-1.0531364915,30.75,123
"730",414072,1.479901605,1.43719200525,55.74219879,56.5121378425,121.25,-0.7031615325,31.5,126
"731",414073,1.497604459,1.426266034,54.39474705,59.8714475925,94.25,-0.42405941225,33,132
"732",414081,1.4727042,1.45614855375,62.6423475275,59.5319645725,91.25,-0.47502435325,28.25,113
"733",414082,1.481944397,1.43046922925,57.4043911175,65.1754262675,71.25,-0.6721307245,20.75,83
"734",414083,1.492065227,1.421583607,57.0232292825,57.7162198075,79.25,-0.62351857625,36.5,146
"735",414091,1.577293755,1.45797674375,60.76722027,64.853525035,73,-0.49730562975,24.5,98
"736",414092,1.520730296,1.467997439,58.429274845,61.477473435,74.75,-0.2300741065,25.25,101
"737",414093,1.541560622,1.4613550125,54.39262674,62.22648031,83,-0.75149181175,38.5,154
"738",414101,1.47983409,1.4699162895,57.74419708,57.43233517,88.75,-0.60417106825,27,108
"739",414102,1.537310298,1.4711164315,50.016783705,55.0422792325,81.25,-0.56047617125,25.75,103
"740",414103,1.516031583,1.43245136025,60.6621130075,61.516149665,85.25,-0.945715808,34.75,139
"741",414111,1.489401131,1.4689509955,50.622182805,54.8164078925,82.5,-0.49286582275,21.75,87
"742",414112,1.469061668,1.48098727175,65.2767434575,65.6447956025,88.75,-0.569853017,29.25,117
"743",414113,1.500190652,1.45753223625,58.96517702,62.2237436525,101.75,-0.34615846475,52.75,211
"744",414121,1.449037264,1.427651524,58.8820734325,57.2666319375,82.5,-0.38164748775,33.25,133
"745",414122,1.430739295,1.40818690825,52.730939685,52.23104511,91,-0.32943668825,27.75,111
"746",414123,1.378878973,1.4316883575,55.95018831,61.15908367,95,-0.5963559405,48.75,195
"747",414131,1.518682202,1.46656585925,65.72350141,62.74662566,78.25,-0.59490566225,27.75,111
"748",414132,1.520923208,1.473396445,66.014637235,67.9190172325,74.75,-0.264579325,23.75,95
"749",414133,1.543738762,1.41418109175,60.7920357125,61.7808781725,86.75,-0.20901423375,42.5,170
"750",414142,1.445454268,1.461951728,44.056145725,44.4550510425,93.5,-0.62792834525,42.5,170
"751",414143,1.410636537,1.4350480745,18.771312065,10.9691743225,66.5,-1.24658344275,20.25,81
"752",414151,1.474066959,1.48170939975,49.4909471325,44.7482466025,109.5,-0.63329028275,51,204
"753",414152,1.504435836,1.5037435865,57.5735298275,47.7380283575,91.25,-0.75155889,53.75,215
"754",414153,1.542842251,1.48839922225,52.42755006,52.7918629475,95,-0.2327305765,34.75,139
"755",415011,1.548003165,1.47734466325,55.8818830175,54.05133369,93.75,-0.385562507,36.5,146
"756",415012,1.516335065,1.49869490425,61.5855362875,55.9059718625,116,-0.75376923925,30.75,123
"757",415013,1.531422039,1.47238821,56.58103766,58.63206703,89.75,-0.80722521825,41.75,167
"758",415021,1.376116547,1.46398010575,51.555904165,50.187064315,110,-0.49524797675,82.25,329
"759",415022,1.494779843,1.498523971,60.6143889425,63.4297411525,96.5,-0.79307135375,41.75,167
"760",415023,1.533376596,1.49107271425,46.8128693025,50.175096985,113.25,-0.59000201025,39.75,159
"761",415031,1.460969334,1.417473458,59.3730794175,48.2302276175,76.25,-0.733968937,37.25,149
"762",415032,1.533715525,1.435731095,61.6420155625,64.0103699075,73.75,-0.63992072525,33.75,135
"763",415033,1.531662868,1.476286462,48.88333892,51.0120795275,91.25,-0.469362944,44.25,177
"764",415041,1.554571712,1.431849913,61.645319155,63.0786396375,107.75,-0.6529930435,64.25,257
"765",415042,1.46820022,1.42594594625,49.16979876,54.554026865,110.5,0.0946859345,46,184
"766",415043,1.518958615,1.42323930875,60.73547835,58.76581701,103.5,-0.184548744,37.75,151
"767",415051,1.518901431,1.4389219205,61.74568834,60.3297847375,85,-0.64496103525,39.5,158
"768",415052,1.529075072,1.49974927725,48.2380118725,53.4574785825,114.75,-0.75531003775,33.5,134
"769",415053,1.511082793,1.44371097225,60.1740512825,60.9947350125,89.25,-0.489251707,53.25,213
"770",415061,1.533973025,1.50311645325,58.971162855,57.00987758,97.25,-0.47135581675,38,152
"771",415062,1.554413563,1.499129805,58.7705205725,61.77980273,126,-0.43739536775,36.75,147
"772",415063,1.465057225,1.44566416275,55.370657135,58.9542841075,108.5,-0.76985470125,20.75,83
"773",415071,1.483580715,1.49217961525,53.49445923,48.23858263,132.25,0.26099336575,43.75,175
"774",415072,1.486750735,1.4856844955,46.66479923,51.75566007,94.5,-0.63029452875,47.75,191
"775",415073,1.556651515,1.5107731185,55.053373455,50.91562881,127.25,-0.347228372,47.25,189
"776",415081,1.467439588,1.45850902025,48.8915924725,48.5380774175,103.5,-0.65733839075,29.25,117
"777",415082,1.467311314,1.4643804215,54.327850575,58.85303543,109.5,-0.407444855,30.75,123
"778",415083,1.473910192,1.428701553,55.039252975,56.869096755,111,-0.607868308,30.75,123
"779",415091,1.526142161,1.4776855875,42.7284288125,45.1206332225,109.75,-0.95129046325,34,136
"780",415092,1.532872636,1.5168735895,34.0077579275,39.056645285,92.5,-0.6834634395,27.5,110
"781",415093,1.492677928,1.4814620695,38.6521537325,39.6758415325,100.5,-0.3058716135,42.25,169
"782",415101,1.542805798,1.4653117925,59.9601791675,60.1306240975,91.5,-0.59536500025,51.5,206
"783",415102,1.543125671,1.4311287215,62.03758124,63.7853821775,82.25,-0.570683155,44.5,178
"784",415103,1.578665541,1.4916464985,56.63726465,61.903103795,94,-0.27303431475,60.5,242
"785",415111,1.52766835,1.44784393425,61.35400536,61.4244598975,103.25,-0.58669287375,57.25,229
"786",415112,1.477191857,1.465546774,57.64166663,57.61226705,157.5,-0.122711256,29.5,118
"787",415113,1.532530247,1.44471478625,45.68828971,51.93065521,105.75,-0.977500409,47,188
"788",415121,1.587868322,1.364695648,42.7247948325,47.77541671,103.75,-0.386207725,68.25,273
"789",415122,1.559790885,1.48721474875,51.725392865,52.694882645,109.5,-0.32628718525,35.75,143
"790",415123,1.504617046,1.4539741705,47.3718376,44.5473379225,106.5,-0.4090536895,37.5,150
"791",415131,1.523971463,1.50067860375,45.5171211625,39.7731518475,191,-0.22085825425,79.75,319
"792",415132,1.527275753,1.4975898235,28.2885860375,36.7237967875,98.75,0.41361423,40.25,161
"793",415133,1.557622109,1.4967863835,47.80533082,40.375416405,105.5,-0.57379915875,60,240
"794",415141,1.547039565,1.45419640275,55.6940571475,53.205510365,118.25,0.127434332,50.25,201
"795",415142,1.499792938,1.3634323265,63.05425695,61.05337373,115.75,-0.2473979595,62,248
"796",415143,1.596474262,1.4146026655,56.5893711075,58.7753169225,92.75,-0.63342325275,45,180
"797",415151,1.493579585,1.44987848725,56.57911335,53.232411445,118.75,-0.26708703975,47.75,191
"798",415152,1.495078741,1.40166966975,55.6755586425,55.9829042925,110.5,-0.275784251,33,132
"799",415153,1.479925276,1.42775301925,55.587555605,52.264064915,139.5,-0.15995251,52,208
